,Название,Ссылка,Кол-во фото,Иконка,Изменение названия,Дата написания,Дата по плану,Выход,Объявление создано
Муж и жена,,,,,,,,,
Свадьба,,,,,,,,,
,45 самых модных свадебных тортов,http://www.happy-giraffe.ru/community/32/forum/photoPost/103064/,45,,,17.09.2013,,,
,Самые красивые свадебные торты,http://www.happy-giraffe.ru/community/32/forum/photoPost/108520/,30,,,11.10.2013,,,
,50 оригинальных свадебных приглашений,http://www.happy-giraffe.ru/community/32/forum/photoPost/101991/,50,anonce 17,50 лучших идей для свадебных приглашений,12.09.2013,,,
,50 свадебных аксессуаров для волос: глаз не отвести!,http://www.happy-giraffe.ru/community/32/forum/photoPost/103385/,50,не открывается - 404 ,,,,,
,40 вариантов свадебного транспорта - от ретро до суперкаров,http://www.happy-giraffe.ru/community/32/forum/photoPost/104226/,40,,,23.09.2013,,,
,50 самых красивых свадебных платьев,http://www.happy-giraffe.ru/community/32/forum/photoPost/102556/,50,,,15.09.2013,,,
,Модные свадебные платья 2013,http://www.happy-giraffe.ru/community/32/forum/photoPost/107835/,50,,,08.10.2013,,,
,Самые необычные свадебные кортежи,http://www.happy-giraffe.ru/community/32/forum/photoPost/108154/,30,anonce 5,30 лучших идей свадебных кортежей,10.10.2013,,,да
,Идеи для оформления свадебных столов,http://www.happy-giraffe.ru/community/32/forum/photoPost/108202/,30,,,10.10.2013,,,
,Свадебные букеты: самые красивые и необычные,http://www.happy-giraffe.ru/community/32/forum/photoPost/109021/,40,anonce 14,40 лучших идей красивых свадебных букетов,14.10.2013,,,
,Оригинальные приглашения на свадьбу,http://www.happy-giraffe.ru/community/32/forum/photoPost/109455/,30,,,15.10.2013,,,
,Самые красивые платья подружки невесты,http://www.happy-giraffe.ru/community/32/forum/photoPost/109789/,30,,,16.10.2013,,,
,Свадебная обувь: самая красивая и необычная,http://www.happy-giraffe.ru/community/32/forum/photoPost/110026/,40,anonce 10,40 лучших идей свадебной обуви,17.10.2013,,,
,Цветные свадебные платья,http://www.happy-giraffe.ru/community/32/forum/photoPost/110333/,40,,,18.10.2013,,,
,Головной убор для невесты,http://www.happy-giraffe.ru/community/32/forum/photoPost/110865/,40,,,21.10.2013,,,
,Мужские свадебные костюмы,http://www.happy-giraffe.ru/community/32/forum/photoPost/110846/,30,anonce 16,50 лучших идей мужских свадебных костюмов,21.10.2013,,,
,Женские свадебные прически,http://www.happy-giraffe.ru/community/32/forum/photoPost/111031/,30,,,22.10.2013,,,
,Креативные свадебные фотосессии ,http://www.happy-giraffe.ru/community/32/forum/photoPost/111070/,40,,,22.10.2013,,,
,Свадебные аксессуары для волос,http://www.happy-giraffe.ru/community/32/forum/photoPost/111651/,40,,,25.10.2013,,,
,Свадебные бокалы ,http://www.happy-giraffe.ru/community/32/forum/photoPost/111658/,30,,,25.10.2013,,,
,Сладкий стол на свадьбе,http://www.happy-giraffe.ru/community/32/forum/photoPost/111683/,30,,,25.10.2013,,,
,Обручальные кольца,http://www.happy-giraffe.ru/community/32/forum/photoPost/112186/,30,,,28.10.2013,,,
,Оформление зала торжества бракосочетания ,http://www.happy-giraffe.ru/community/32/forum/photoPost/112250/,30,,,28.10.2013,,,
,Сундучки для денег ,http://www.happy-giraffe.ru/community/32/forum/photoPost/112796/,30,,,31.10.2013,,,
,Декор шампанского на свадьбу,http://www.happy-giraffe.ru/community/32/forum/photoPost/112832/,30,anonce 13,30 лучших идей декора шампанского на свадьбу,31.10.2013,,,
Отношения в семье,,,,,,,,,
,30 оригинальных идей для семейных фотографий,http://www.happy-giraffe.ru/community/31/forum/photoPost/103163/,30,anonce 7,30 лучших идей для семейной фотосессии,17.09.2013,,,
,40 способов порадовать мужа,http://www.happy-giraffe.ru/community/31/forum/photoPost/102782/,40,,,16.09.2013,,,
,30 способов сказать “Я тебя люблю”,http://www.happy-giraffe.ru/community/31/forum/photoPost/102768/,30,,,16.09.2013,,,
Беременность и дети,,,,,,,,,
Планирование,,,,,,,,,
,"Планирование беременности: 50 пунктов, с которыми нужно справиться до родов",http://www.happy-giraffe.ru/community/1/forum/photoPost/103985/,50,,,21.09.2013,,,
Беременность и роды,,,,,,,,,
,50 лучших нарядов для беременных,http://www.happy-giraffe.ru/community/2/forum/photoPost/102447/,50,,,14.09.2013,,,
,40 подсказок для запоминающейся беременной фотосессии,http://www.happy-giraffe.ru/community/2/forum/photoPost/103402/,40,anonce 12,"40 лучших идей для фотосессии в период
беременности",18.09.2013,,,
,30 способов сообщить близким о своей беременности,http://www.happy-giraffe.ru/community/2/forum/photoPost/103549/,30,,,19.09.2013,,,
,30 забавных маек для беременных,http://www.happy-giraffe.ru/community/2/forum/photoPost/104326/,30,,,23.09.2013,,,
,Боди-арт для беременной,http://www.happy-giraffe.ru/community/2/forum/photoPost/115175/,45,anonce 15,40 лучших идей боди-арта для беременных,13.11.2013,,,
,Беременные звезды,http://www.happy-giraffe.ru/community/2/forum/photoPost/115455/,30,,,14.11.2013,,,
,Платья для беременных фото,http://www.happy-giraffe.ru/community/2/forum/photoPost/116319/,50,,,18.11.2013,,,
,Свадебные платья для беременных,http://www.happy-giraffe.ru/community/2/forum/photoPost/116940/,40,,,20.11.2013,,,
,"Известные женщины, отважившиеся на беременность после 40",http://www.happy-giraffe.ru/community/2/forum/photoPost/117263/,30,,,22.11.2013,,,
,Модная одежда для беременных от Pietro Brunelli,http://www.happy-giraffe.ru/community/2/forum/photoPost/118074/,30,,,26.11.2013,,,
,Беременная Леа-Энн Эллисон из Лос-Анджелеса поднимает штангу,http://www.happy-giraffe.ru/community/2/forum/photoPost/118347/,30,,,27.11.2013,,,
,Зимняя одежда для беременных,http://www.happy-giraffe.ru/community/2/forum/photoPost/118826/,,не открывается - 404,,,,,
,Полезные продукты при беременности,http://www.happy-giraffe.ru/community/2/forum/photoPost/119304/,30,,,02.12.2013,,,
Дети до года,,,,,,,,,
,"30 непривычных, но полезных гаджетов для молодых родителей",http://www.happy-giraffe.ru/community/6/forum/photoPost/103090/,30,,,17.09.2013,,,
Дети старше года,,,,,,,,,
,"30 умений, которыми должен овладеть ребенок до 3 лет",http://www.happy-giraffe.ru/community/10/forum/photoPost/103205/,30,,,17.09.2013,,,
,Топ-40 игрушек для развития и развлечения,http://www.happy-giraffe.ru/community/10/forum/photoPost/103551/,40,,,19.09.2013,,,
,"50 оригинальных домиков, палаток и манежей для детей",http://www.happy-giraffe.ru/community/10/forum/photoPost/104578/,30,,,24.09.2013,,,
Дошкольники,,,,,,,,,
,"30 книг, которые нужно прочитать своему малышу",http://www.happy-giraffe.ru/community/12/forum/photoPost/103357/,30,anonce 6,30 лучших книг для вашего малыша,18.09.2013,,,
,"30 вещей, которые ребенок должен знать и уметь делать до поступления в школу",http://www.happy-giraffe.ru/community/13/forum/photoPost/104824/,30,,,25.09.2013,,,
Школьники,,,,,,,,,
,"Галстук не для школьников? 50 веселых галстуков, которые ребенок с удовольствием будет носить в школе.",http://www.happy-giraffe.ru/community/16/forum/photoPost/104509/,30,,,24.09.2013,,,
,30 способов сделать комнату школьника удобной для выполнения домашних заданий,http://www.happy-giraffe.ru/community/16/forum/photoPost/105043/,30,,,26.09.2013,,,
Наш дом,,,,,,,,,
Готовим на кухне,,,,,,,,,
,40 полезных продуктов на сезон осень-зима,http://www.happy-giraffe.ru/community/22/forum/photoPost/102482/,40,,,14.09.2013,,,
,Топ 40 помощников на кухне,http://www.happy-giraffe.ru/community/22/forum/photoPost/102271/,40,,,13.09.2013,,,
,45 идей для красивого оформления салатов,http://www.happy-giraffe.ru/community/22/forum/photoPost/103434/,40,,,18.09.2013,,,
Ремонт в доме,,,,,,,,,
,50 самых красивых детских,http://www.happy-giraffe.ru/community/26/forum/photoPost/102342/,50,anonce 8,50 лучших идей оформления детских комнат,13.09.2013,,,
,40 самых необычных оформлений супружеской спальни,http://www.happy-giraffe.ru/community/26/forum/photoPost/102811/,40,,,16.09.2013,,,
,Идеи интерьера ванной комнаты,http://www.happy-giraffe.ru/community/26/forum/photoPost/107840/,50,anonce 4,50 лучших идей интерьера ванной комнаты,08.10.2013,,,да
,Искусственный камень в интерьере ,http://www.happy-giraffe.ru/community/26/forum/photoPost/107992/,30,,,09.10.2013,,,
,Лучшие идеи для дизайна прихожей,http://www.happy-giraffe.ru/community/26/forum/photoPost/108240/,30,,,10.10.2013,,,
,Идеи для маленькой кухни,http://www.happy-giraffe.ru/community/26/forum/photoPost/108534/,30,,,11.10.2013,,,
,Дизайн интерьера квартиры-студии,http://www.happy-giraffe.ru/community/26/forum/photoPost/109036/,30,,,14.10.2013,,,
,Дизайн интерьера спальни,http://www.happy-giraffe.ru/community/26/forum/photoPost/109400/,40,,,15.10.2013,,,
,Дизайн балкона фото,http://www.happy-giraffe.ru/community/26/forum/photoPost/109818/,30,,,16.10.2013,,,
,Тематический дизайн детской комнаты,http://www.happy-giraffe.ru/community/26/forum/photoPost/110094/,30,,,17.10.2013,,,
,Самые необычные кровати,http://www.happy-giraffe.ru/community/26/forum/photoPost/110334/,30,,,18.10.2013,,,
,Морской стиль в интерьере,http://www.happy-giraffe.ru/community/26/forum/photoPost/110379/,30,,,18.10.2013,,,
,Уникальная мебель фото,http://www.happy-giraffe.ru/community/26/forum/photoPost/110891/,30,,,21.10.2013,,,
,Самые красивые фотообои,http://www.happy-giraffe.ru/community/26/forum/photoPost/111091/,50,,,22.10.2013,,,
,Яркие цвета в интерьере,http://www.happy-giraffe.ru/community/26/forum/photoPost/111675/,30,,,25.10.2013,,,
,Камин в интерьере ,http://www.happy-giraffe.ru/community/26/forum/photoPost/112656/,30,,,30.10.2013,,,
,Дерево в интерьере ,http://www.happy-giraffe.ru/community/26/forum/photoPost/112935/,30,,,31.10.2013,,,
Домашние хлопоты,,,,,,,,,
,35 эффективных советов по выведению пятен,http://www.happy-giraffe.ru/community/28/forum/photoPost/103612/,35,,,19.09.2013,,,
Сад и огород,,,,,,,,,
,40 лучших цветов для садового участка,http://www.happy-giraffe.ru/community/34/forum/photoPost/103225/,40,,,17.09.2013,,,
,Топ 30 оригинальных идей для цветочных клумб,http://www.happy-giraffe.ru/community/34/forum/photoPost/103233/,30,,,17.09.2013,,,
,Топ 30 оригинальных ярких акцентов на дачном участке,http://www.happy-giraffe.ru/community/34/forum/photoPost/103237/,30,,,17.09.2013,,,
,40 интересных идей для садовых беседок,http://www.happy-giraffe.ru/community/34/forum/photoPost/107808/,40,anonce 2,40 лучших идей садовых беседок,08.10.2013,,,да
,Ландшафтный дизайн: лучшие идеи,http://www.happy-giraffe.ru/community/34/forum/photoPost/108138/,30,,,10.10.2013,,,
,Садовые скамейки фото,http://www.happy-giraffe.ru/community/34/forum/photoPost/108174/,40,anonce 1,40 лучших идей садовых скамеек,10.10.2013,,,да
,Цветочные клумбы своими руками,http://www.happy-giraffe.ru/community/34/forum/photoPost/108466/,30,,,11.10.2013,,,
,Водопад и фонтан своими руками,http://www.happy-giraffe.ru/community/34/forum/photoPost/109007/,30,,,14.10.0143,,,
,Садовые дорожки фото,http://www.happy-giraffe.ru/community/34/forum/photoPost/109228/,30,,,15.10.2013,,,
,Садовые фигурки фото,http://www.happy-giraffe.ru/community/34/forum/photoPost/109796/,30,,,16.10.2013,,,
,Породы кур фото,http://www.happy-giraffe.ru/community/34/forum/photoPost/110034/,30,,,17.10.2013,,,
,Сорта винограда ,http://www.happy-giraffe.ru/community/34/forum/photoPost/110306/,30,,,18.10.2013,,,
,Сорта яблок,http://www.happy-giraffe.ru/community/34/forum/photoPost/110643/,30,,,18.10.2013,,,
,Декор из старых шин:лучшие идеи,http://www.happy-giraffe.ru/community/34/forum/photoPost/110848/,30,,,21.10.2013,,,
,Породы кроликов,http://www.happy-giraffe.ru/community/34/forum/photoPost/111054/,30,,,22.10.2013,,,
,Самые необычные фрукты и овощи,http://www.happy-giraffe.ru/community/34/forum/photoPost/111269,30,,,23.10.2013,,,
,Сорта роз ,http://www.happy-giraffe.ru/community/34/forum/photoPost/112395/,30,,,29.10.2014,,,
,30 видов садовых цветов ,http://www.happy-giraffe.ru/community/34/forum/photoPost/112444/,30,,,29.10.2013,,,
,Камин в интерьере ,http://www.happy-giraffe.ru/community/26/forum/photoPost/112656/,30,,,30.10.2013,,,
,Качели для сада ,http://www.happy-giraffe.ru/community/34/forum/photoPost/112674/,30,,,30.10.2014,,,
,Сорта клубники,http://www.happy-giraffe.ru/community/34/forum/photoPost/112861/,30,,,31.10.2014,,,
Наши питомцы,,,,,,,,,
,40 необычных нарядов для вашего четвероногого друга,http://www.happy-giraffe.ru/community/39/forum/photoPost/103236/,40,,,17.09.2013,,,
,30 самых необычных домиков для кошек,http://www.happy-giraffe.ru/community/39/forum/photoPost/103103/,30,anonce 11,30 самых необычных домиков для кошек,17.09.2013,,,
,30 лучших домашних животных для детей,http://www.happy-giraffe.ru/community/39/forum/photoPost/103108/,30,,,17.09.2013,,,
,,,,,,,,,
,,,,,,,,,
Красота и здоровье,,,,,,,,,
Красота и мода,,,,,,,,,
,50 самых красивых вариантов маникюра и педикюра,http://www.happy-giraffe.ru/community/29/forum/photoPost/103585/,50,,,19.09.2013,,,
,50 подсказок для причесок на каждый день,http://www.happy-giraffe.ru/community/29/forum/photoPost/102911/,50,,,16.09.2013,,,
,"40 предметов, которые должны быть в косметичке каждой женщины",http://www.happy-giraffe.ru/community/29/forum/photoPost/102879/,40,,,16.09.2013,,,
Наше здоровье,,,,,,,,,
,ТОП-50 самых полезных продуктов из магазина,http://www.happy-giraffe.ru/community/33/forum/photoPost/102815/,50,,,16.09.2013,,,
,Люди из Книги рекордов Гиннеса,http://www.happy-giraffe.ru/community/33/forum/photoPost/115459/,30,,,14.11.2013,,,
,Лекарственные травы и растения,http://www.happy-giraffe.ru/community/33/forum/photoPost/115650/,30,,,15.11.2013,,,
,Витамин А в продуктах,http://www.happy-giraffe.ru/community/33/forum/photoPost/116667/,30,,,19.11.2013,,,
,Спортивные тренажеры для дома,http://www.happy-giraffe.ru/community/33/forum/photoPost/117139/,30,,,21.11.2013,,,
,Американка Дайана Найад в 64 года переплыла Флоридский пролив,http://www.happy-giraffe.ru/community/33/forum/photoPost/117256/,30,,,22.11.2013,,,
,На вершине жизни: Юичиро Миура (Yuichiro Miura) покорил Эверест в 80 лет,http://www.happy-giraffe.ru/community/33/forum/photoPost/118080/,30,,,26.11.2013,,,
,Мустафа Исмаил имеет самые большие в мире бицепсы,http://www.happy-giraffe.ru/community/33/forum/photoPost/118609/,40,,,28.11.2013,,,
,Юлия Гюнтель - самая гибкая девушка в мире,http://www.happy-giraffe.ru/community/33/forum/photoPost/118790/,50,,,29.11.2013,,,
,Самая маленькая женщина в мире Джиоти Амге (Jyoti Amge),http://www.happy-giraffe.ru/community/33/forum/photoPost/119478/,30,,,03.12.2013,,,
,Самый высокий человек в мире Султан Кёсен (Sultan Kosen),http://www.happy-giraffe.ru/community/33/forum/photoPost/119789/,30,,,05.12.2013,,,
Интересы и увлечения,,,,,,,,,
Рукоделие,,,,,,,,,
,Топ-50 сумочек хенд-мейд,http://www.happy-giraffe.ru/community/24/forum/photoPost/103179/,50,,,17.09.2013,,,
,"Топ-50 детских шапочек, связанных своими руками",http://www.happy-giraffe.ru/community/24/forum/photoPost/103107/,50,,,17.09.2013,,,
Цветы в доме,,,,,,,,,
,35 идей интересного дизайна цветочных горшков,http://www.happy-giraffe.ru/community/35/forum/photoPost/103287/,35,,,18.09.2013,,,
,30 самых капризных и требовательных к уходу домашних растений,http://www.happy-giraffe.ru/community/35/forum/photoPost/103648/,30,,,19.09.2013,,,
,Топ-30 домашних кактусов,http://www.happy-giraffe.ru/community/35/forum/photoPost/102560/,30,,,15.09.2013,,,
,Цветы на балконе ,http://www.happy-giraffe.ru/community/35/forum/photoPost/115450/,30,anonce 9,30 лучших идей балконных цветов,14.11.2013,,,
,Ядовитые комнатные растения,http://www.happy-giraffe.ru/community/35/forum/photoPost/115651/,30,,,15.11.2013,,,
,Цветочные горшки своими руками,http://www.happy-giraffe.ru/community/35/forum/photoPost/116928/,30,anonce 3,30 лучших идей украшения цветочных горшков,20.11.2013,,,да
,Лучшие букеты флористика,http://www.happy-giraffe.ru/community/35/forum/photoPost/117140/,30,,,21.11.2013,,,
,Виды орхидей фото,http://www.happy-giraffe.ru/community/35/forum/photoPost/117768/,40,,,25.11.2013,,,
,Стильные цветочные горшки от студии ThriftedandMade,http://www.happy-giraffe.ru/community/35/forum/photoPost/118057/,30,,,26.11.2013,,,
,Цветы гибискус,http://www.happy-giraffe.ru/community/35/forum/photoPost/118598/,30,,,28.11.2013,,,
,Комнатные растения цветущие зимой,http://www.happy-giraffe.ru/community/35/forum/photoPost/119305/,40,,,02.12.2013,,,
Наш автомобиль,,,,,,,,,
,"25 самых популярных аксессуаров, работающих от прикуривателя",http://www.happy-giraffe.ru/community/27/forum/photoPost/104584/,25,,,24.09.2013,,,
,40 самых необычных и оригинальных авто,http://www.happy-giraffe.ru/community/27/forum/photoPost/102783/,40,,,16.09.2013,,,
,Женевский автосалон 2013: все новинки,http://www.happy-giraffe.ru/community/27/forum/photoPost/115187/,30,,,13.11.2013,,,
,Opel adam 2013,http://www.happy-giraffe.ru/community/27/forum/photoPost/116251/,40,,,18.11.2013,,,
,Защита от угона автомобиля: от самой надежной до народной,http://www.happy-giraffe.ru/community/27/forum/photoPost/116661/,30,,,19.11.2013,,,
,Nissan Note 2014,http://www.happy-giraffe.ru/community/27/forum/photoPost/116926/,30,,,20.11.2013,,,
,Skoda Yeti 2014: айда на природу!,http://www.happy-giraffe.ru/community/27/forum/photoPost/117788/,30,,,25.11.2013,,,
,Аэрография на машину: лучшие фото,http://www.happy-giraffe.ru/community/27/forum/photoPost/118317/,40,,,27.11.2013,,,
,Peugeot 508 RXH,http://www.happy-giraffe.ru/community/27/forum/photoPost/118811/,30,,,29.11.2013,,,
,BMW X5 2014,http://www.happy-giraffe.ru/community/27/forum/photoPost/119486/,40,,,03.12.2013,,,
,Подготовка автомобиля к зиме,http://www.happy-giraffe.ru/community/27/forum/photoPost/119622/,30,,,04.12.2013,,,
,Nissan Qashqai 2014,http://www.happy-giraffe.ru/community/27/forum/photoPost/119785,30,,,05.12.2013,,,
Рыбалка,,,,,,,,,
Семейный отдых,,,,,,,,,
Мы путешествуем,,,,,,,,,
,"50 точек на карте мира, где необходимо побывать за всю свою жизнь",http://www.happy-giraffe.ru/community/21/forum/photoPost/102769/,50,,,16.09.2013,,,
,50 лучших уголков мира для отдыха с детьми,http://www.happy-giraffe.ru/community/21/forum/photoPost/103600/,50,,,19.09.2013,,,
,50 лучших отелей для семейного отдыха,http://www.happy-giraffe.ru/community/21/forum/photoPost/103219/,50,,,17.09.2013,,,
Выходные с семьей,,,,,,,,,
Праздники,,,,,,,,,