Список банков:,,,,
Наименование,Ссылка на сайт банка,E-mail для связи,Отдел,Контактное лицо
,,,,
2Т Банк,https://2tbank.ru/,,,
Коммерческий Банк «АББ»,http://www.abb-bank.ru/,info@abb-bank.ru,,
Абсолют Банк,http://www.absolutbank.ru/,info@absolutbank.ru,,
Авангард,http://www.avangard.ru/rus/,info@avangard.ru ,,
Автоторгбанк,http://www.avtotorgbank.ru/,info@avtotorgbank.ru,,
Автоторгбанк,http://www.avtotorgbank.ru/,o.borisova@atbbank.ru,Пресс-центр,Борисова Ольга
Агроинкомбанк,,,,
Агропромкредит,http://www.apkbank.ru/ru/msk/,info@apkbank.ru,,
Агророс,,,,
Агросоюз,http://www.asbank.ru/,info@asbank.ru,,
Адамон Банк,,,,
Аделантбанк,http://www.adelantbank.ru,info@adelantbank.ru ,,
Адмиралтейский,http://www.admbank.ru/,info@admbank.ru,,
Азиатско-Тихоокеанский Банк,http://www.atb.su/,ask@atb.su,,
Азиатско-Тихоокеанский Банк,http://www.atb.su/,korotkova@msk.atb.su,Пресс-центр,Елена Короткова
Азиатско-Тихоокеанский Банк,http://www.atb.su/,pressa@atb.su,Пресс-центр,
Азимут,http://www.azimutbank.ru/,goncharova@azimutbank.ru,Для юр. лиц,
Азия Банк,http://www.chemexim.ru/,,,
Азия-Инвест Банк,http://www.ai-bank.ru/,main@asiainvestbank.ru,,
Ай-Си-Ай-Си-Ай Банк (ICICI),http://www.icicibankrussia.com/,customercare.ru@icicibank.com,,
Айви Банк,http://www.ivybank.ru/,info@ivybank.ru,,
АйМаниБанк,https://www.imoneybank.ru/,info@imoneybank.ru,,
Ак Барс,http://www.akbars.ru/,kanc@akbars.ru ,,
Академический Русский Банк,http://www.akademsberbank.ru/,info@akademrusbank.ru ,,
Акибанк,,,,
Акрополь,http://www.acropol.ru/,public@acropol.ru,,
АктивКапитал Банк,http://acbank.ru/,,,
Акцепт,http://www.akcept.ru/,kontakt@akcept.ru,,
Алданзолотобанк,,,,
Александровский,http://www.alexbank.ru/,infocentre@alexbank.ru,Общий,
Александровский,http://www.alexbank.ru/,gluhova@alexbank.ru,Руководитель отдела рекламы,Анастасия Глухова
Александровский,http://www.alexbank.ru/,egorovaev@alexbank.ru,Главный специалист отдела рекламы,Алёна Егорова
Алеф-Банк,http://www.alefbank.ru/,alefbank@alefbank.ru,,
Алор Банк,http://www.alorbank.ru/,info@alorbank.ru,,
Альба Альянс,http://www.alal.ru/,webmaster@alal.ru,,
Альта-Банк,http://www.altabank.ru/ru,sinyukova.elena@altabank.ru,"Отдела сопровождения клиентских операций  
Управления корпоративного бизнеса   ",
Альта-Банк,http://www.altabank.ru/ru,post@altabank.ru,Головной офис,
Альтернатива,http://www.altbank.com/,,,
Альфа-Банк,http://alfabank.ru/,mail@alfabank.ru,Общий,
Альфа-Банк,http://alfabank.ru/,press@alfabank.ru,Пресс-служба,
АМБ Банк,http://www.ambbank.ru/,usk@ambbank.ru,Информирование клиентов по условиям размещения ДС и условиям банковского обслуживания,"Басалова Лариса Сергеевна, начальник управления сопровождения клиентов "
АМБ Банк,http://www.ambbank.ru/ru/,usk@ambbank.ru,Информирование клиентов по условиям размещения ДС и условиям банковского обслуживания,"Гаценко Наталья Викторовна, Заместитель Начальника управления сопровождения клиентов "
АМБ Банк,http://www.ambbank.ru/ru/,post@ambbank.ru,Общий,
Америкэн Экспресс Банк,http://www.amex.ru/,,,
Анелик РУ,http://www.anelik.ru/index.php/ru/,anelik@anelik.ru,Общий,
Анелик РУ,http://www.anelik.ru/index.php/ru/,grigoryan.n.k@anelik.ru,Отдел по работе с клиентами,
Анелик РУ,http://www.anelik.ru/index.php/ru/,salpanov@anelik.ru,Департамент развития,
Анелик РУ,http://www.anelik.ru/index.php/ru/,development@anelik.ru,Департамент развития,
Анелик РУ,http://www.anelik.ru/index.php/ru/,albina@anelik.ru,Департамент развития,
Анелик РУ,http://www.anelik.ru/index.php/ru/,inessa@anelik.ru,Департамент расчетных операций,
Анелик РУ,http://www.anelik.ru/index.php/ru/,grigoryan.n.k@anelik.ru,Департамент расчетных операций,
Анкор Банк,,,,
Анталбанк,http://www.antalbank.ru/,antalbank@antalbank.ru,,
Апабанк,http://www.apabank.ru/,apabank@apabank.ru,,
Аресбанк,http://www.aresbank.ru/,info@aresbank.ru ,,
Арксбанк,http://www.arxbank.ru/,it@arxbank.ru,,
Арсенал,http://www.arsenal.ru/,referent1@arsenal.ru,,
Аспект,http://www.aspectbank.ru/,info@aspectbank.ru,,
БайкалБанк,,,,
Балтийский Банк,http://www.baltbank.ru/, info@baltbank.ru,Общий,
Балтийский Банк,http://www.baltbank.ru/,Solovieva@baltbank.ru,Пресс-центр,
Балтика,http://www.baltica.ru/,,,
Балтинвестбанк,http://baltinvestbank.com/,bank@baltinvest.com,,
Балтийский Инвестиционный Банк,http://baltinvestbank.com/,bank@baltinvest.com,,
Акцент Банк,http://bank-accent.ru/ms/,info_moskow@bank-accent.ru,,
Акцент Банк,http://bank-accent.ru/ms/,kurakova@bank-accent.ru,,
Банк «МБА-Москва»,http://www.ibamoscow.ru/,ibam@ibam.ru,Общий,
Банк «МБА-Москва»,http://www.ibamoscow.ru/,l.mileev@ibam.ru,Пресс-центр,Милеев Леонид Александрович
Банк «Санкт-Петербург»,https://www.bspb.ru/,,,
Банк АВБ,,,,
Банк Корпоративного Финансирования,http://www.cfb.ru/,pr@cfb.ru,Пресс-центр,Лавров Виталий Владимирович
Банк БФА,http://www.bfa.ru/,,,
Банк БЦК-Москва,http://www.bcc-msk.ru/,info@bcc-msk.ru,,
Банк Жилищного Финансирования,http://www.ipoteka-tut.ru/?return=banner,info@bgf-bank.ru,Общий,
Банк Жилищного Финансирования,http://www.ipoteka-tut.ru/?return=banner,pr@bgf-bank.ru,Руководитель Пресс-службы Банка,Екатерина Правдина
Банк Интеза,http://www.bancaintesa.ru/,info@bancaintesa.ru,Общий,
Банк Интеза,http://www.bancaintesa.ru/,press@bancaintesa.ru,Пресс-центр,
Банк Интеза,http://www.bancaintesa.ru/,Tatyana.Cherkasova@bancaintesa.ru,Пресс-центр,Татьяна Черкасова
Банк Интеза,http://www.bancaintesa.ru/,Natalya.I.Dubinina@bancaintesa.ru,Пресс-центр,Наталья Дубинина
Коммерческий Банк Инвестрастбанк,http://www.bankitb.ru/,pr@bankitb.ru,"Пресс-служба, PR-менеджер",Юлия Нападий
Банк Китая (Элос),http://www.boc.ru/index.php?lang=rus,info@asv.org.ru,,
Банк Кредит Свисс,http://www.credit-suisse.com/ru,,,
Международный банк финансов и инвестиций,http://www.mbfi.ru/, doverie@mbfi.info,,
Международный банк финансов и инвестиций,http://www.mbfi.ru/,d.lefterov@mbfi.ru,Начальник Юридического управления,Лефтеров Денис Владимирович
Банк Москвы,http://www.bm.ru/,info@mmbank.ru,Общий,
Банк Москвы,http://www.bm.ru/,pr@mmbank.ru,Пресс-служба,
Банк на Красных Воротах,https://www.bnkv.ru/,bnkv@bnkv.ru,,
Банк Оранжевый,http://www.bankorange.ru/,pr@bankorange.ru,Пресс-центр,
Банк оф Токио-Мицубиси,http://www.bk.mufg.jp/global/globalnetwork/emea/zao/index.html,,,
Банк Премьер Кредит,http://www.premcred.ru/,info@premcred.ru,,
Банк ПСА Финанс РУС,http://bankpsafinance.ru/,bpfrus@mpsa.com,,
Банк Развития Технологий,http://brtbank.ru/,brt@brtbank.ru,,
Банк Расчетов и Сбережений,http://www.bankrs.ru/index.php,global@bankrs.ru,,
Банк Раунд,http://www.fbank.ru/,info@round.ru,,
Банк РСИ,http://www.bankrsi.ru/,info@bankrsi.ru,,
Банк Сберегательно-кредитного сервиса,http://www.expocapital.ru/,,,
Банк СГБ,,,,
Банк торгового финансирования,http://www.tfbank.ru/,tfb@tfbank.ru,,
Банк Финсервис,http://www.finsb.ru/,help@finsb.ru,,
Банк Экономический Союз,http://www.eubank.ru/,,,
Банкирский Дом,http://www.bankirdom.com/,info@bankirdom.com,,
Банкхаус Эрбе,http://www.erbebank.com/,info@erbebank.com,,
Башкомснаббанк,https://bashkomsnabbank.ru/,,,
ББР Банк, http://www.bbr.ru/ ,post@bbr.ru,Пресс-центр,
БВА Банк,http://www.bvabank.ru/,itodep@bvabank.ru,,
Бенифит-банк,http://www.benefitbank.ru/,bank@benefitbank.ru,,
Бизнес для Бизнеса,,,,
БИНБАНК,http://old.binbank.ru/,binbank@binbank.ru,Общий,
БИНБАНК,http://old.binbank.ru/,pr@binbank.ru,Пресс-центр,
Бинбанк Кредитные Карты (бывш. Москомприватбанк),,,,
БКС — Инвестиционный Банк,,,,
БМВ Банк,http://www.bmwbank.ru/,,,
БНП Париба Банк,http://www.cetelem-zao.ru/,info@cetelem-zao.ru,,
Богородский,,,,
Богородский Муниципальный Банк,http://www.kbbmb.ru/,info@kbbmb.ru,,
БТА-Казань,,,,
БФГ-Кредит,http://www.bfgbank.ru/,info@bfgbank.ru,,
БыстроБанк,http://www.bystrobank.ru/,contact@bystrobank.ru,,
Ваш Личный Банк,,,,
ВЕГА-БАНК,http://www.vegabank.ru/,vegabank@vegabank.ru,,
Акционерный коммерческий банк «Век»,http://www.vek.ru/index.php,vek@vek.ru,,
Коммерческий банк «Верхневолжский»,http://www.vvbank.ru/site,vbank@yaroslavl.ru,,
Инвестиционный Банк «Веста»,http://www.ibv.ru/,info@vestabank.ru,,
Вестинтербанк,http://www.westinterbank.ru/,info@westinterbank.ru,,
Банк «Витязь» ,http://www.vityazbank.ru/,,,
Владпромбанк,http://www.vladprombank.ru/,bank@vladprombank.ru,,
Внешнеэкономический промышленный банк,http://www.feib.ru/,mail@feib.ru,,
Военно-Промышленный Банк,http://www.feib.ru/,mail@feib.ru,,
Банк «Возрождение,http://www.vbank.ru/moscow/,vbank@co.voz.ru,Общий,
Банк «Возрождение,http://www.vbank.ru/moscow/,marketing@voz.ru,Пресс-центр,"Наталия Романенко, Мария Румянцева"
Волго-Окский коммерческий банк,http://vocbank.ru/,postman@vocbank.ru,Общий,
Волго-Окский коммерческий банк,http://vocbank.ru/,reklama@vocbank.ru,Отдел рекламы,
Восточно-Европейский Трастовый Банк,http://www.vetb.ru/index.shtml,info@vetb.ru,,
Воронеж,http://www.bankvrn.ru/,,,
Восточно-Европейский Трастовый Банк,http://www.vetb.ru/,info@vetb.ru,,
Восточный Экспресс Банк,http://www.express-bank.ru/,press_service@express-bank.ru,Пресс-служба,
Банк «ВРБ Москва,http://www.vrbmoscow.ru/,info@vrbmoscow.ru,,
Всероссийский банк развития регионов,http://www.vbrr.ru/,bostina@vbrr.ru,Пресс-центр,Наталия Бостина
Банк ВТБ,http://www.vtb.ru/,info@vtb.ru,Общий,
Банк ВТБ,http://www.vtb.ru/,pr@vtb.ru,Пресс-центр,
Выборг-Банк,http://www.vyborg-bank.ru/,info@vyborg-bank.ru,,
Вятка-Банк,,,,
Коммерческий Банк «Гагаринский»,http://www.gagarinbank.ru/,post@gagarinbank.ru,,
Коммерческий Банк «Гагаринский»,http://www.gagarinbank.ru/,takimova@gagarinbank.ru,Отдела маркетинга и связей с общественностью,Татьяна Акимова ведущий специалист
Газпромбанк,http://www.gazprombank.ru/,mailbox@gazprombank.ru,Общий,
Газпромбанк,http://www.gazprombank.ru/,pr@gazprombank.ru,Для запросов СМ,
Газстройбанк,http://www.gazstroybank.ru/,info@gsb.ru,,
Коммерческий банк «Гарант-Инвест»,http://www.gibank.ru/,bank@gibank.ru ,,
КБ Гаранти Банк — Москва,http://www.gbm.ru/,postmaster@gbm.ru,,
Геленджик-Банк,,,,
Генбанк,http://www.genbank.ru/,info@genbank.ru,,
Коммерческий банк «Геобанк»,http://www.geobank.ru/,info@geobank.ru,,
Коммерческий банк «Геобанк»,http://www.geobank.ru/,cb@geobank.ru,,
Гефест,,,,
Банк Глобус,http://www.bankglobus.ru/,info@bankglobus.ru,,
Коммерческий банк «Глобэкс»,http://www.globexbank.ru/,post@globexbank.ru,,
Голдман Сакс Банк,http://www.goldmansachs.com/,,,
Город,http://www.bankgorod.ru/,,,
Акционерный банк «ГПБ-Ипотека»,http://www.gpb-ipoteka.ru/,mail@gpb-ipoteka.ru,,
Гранд Инвест Банк,http://www.gib.ru/gib/,grand@gib.ru,,
Гранд Инвест Банк,http://www.gib.ru/gib/,info@gib.ru,,
Гринкомбанк,,,,
Гринфилдбанк,http://www.greenfield.ru/,,,
Грис-Банк,,,,
Гута-Банк,http://www.gutabank.ru/,bank@gutabank.ru,Общий,
Гута-Банк,http://www.gutabank.ru/,pr@gutabank.ru,Пресс-центр,
Дагэнергобанк — Московский филиал,https://www.debank.ru/moscow/,msk.deb@debank.ru,,
Далена банк,http://www.dalenabank.ru/,faq@dalenabank.ru,,
Далетбанк,http://www.daletbank.ru/,,,
ДельтаКредит коммерческий банк ,http://www.deltacredit.ru/,press@deltacredit.ru,Пресс-центр,"Колесникова Инна, менеджер по связям с общественностью"
Денизбанк Москва,http://www.denizbank.ru/Index.html?aspxerrorpath=/default.aspx,postoffice.ru@denizbank.com ,Общий,
Денизбанк Москва,http://www.denizbank.ru/Index.html?aspxerrorpath=/default.aspx,info.ru@denizbank.com,Общий,
Денизбанк Москва,http://www.denizbank.ru/Index.html?aspxerrorpath=/default.aspx,marketing.ru@denizbank.com,Корпоративный отдел,
Держава банк,http://www.derzhava.ru/,dp@derzhava.ru,,
Дж. П. Морган Банк Интернешнл,https://www.jpmorgan.com/pages/jpmorgan,Info.Russia@jpmorgan.com,,
Джаст Банк,http://www.justbank.ru/,info@justbank.ru,,
Джей энд Ти Банк,http://jtbank.ru/,info@JTBank.ru,,
Дил-банк,http://www.deal-bank.ru/,info@deal-bank.ru,,
Динамичные Системы коммерческий Банк,http://dsbank.ru/,dsbank@dsbank.ru,,
Дойче Банк,https://www.db.com/russia/index_ru.htm,db.moscow@db.com,,
"Дорис Банк, коммерческий Банк «Доверие, Равноправие и Сотрудничество",http://www.doris.ru/,dorisbank@doris.ru,,
Евразийский банк,http://www.eurasian-bank.ru/,infoline@eurasian-bank.ru,,
Евроазиатский Инвестиционный Банк,http://www.eab.ru/,secretar@eab.ru,,
"ЕвроАксис Банк, Акционерный коммерческий банк",http://www.euroaxis.ru/index.php,office@euroaxis.ru,,
Евроальянс Коммерческий инвестиционный банк,,,,
Еврокапитал-Альянс Коммерческий банк ,,,,
Еврокоммерц Коммерческий банк ,http://www.ec-bank.ru/,ec@ec-bank.ru ,Пресс-служба,
Еврокредит Коммерческий банк ,http://www.eurocredit.ru/,mail@eurocredit.ru,,
"Европейский банк развития металлургической промышленности, АКБ ""ЕВРОМЕТ""",http://www.euromet.ru/,euromet@gin.global-one.ru,,
Европлан Банк,http://europlan.ru/,pr@europlan.ru,Контакты для прессы,
ЕвроситиБанк,http://www.eurocitybank.ru/,info@eurocitybank.ru,,
Еврофинанс Моснарбанк Акционерный Коммерческий Банк,http://www.evrofinance.ru/,info@evrofinance.ru ,,
Единственный Коммерческий банк,http://edbank.ru/page58.php,,,
Екатерининский Агро-промышленный банк,http://www.ekaterininsky.ru/,info@ekaterininsky.ru,,
"Живаго-Банк, Муниципальный коммерческий банк им. Сергия Живаго",http://www.zhivagobank.ru/,bank@zhivagobank.ru,,
Жилищно-кредитный коммерческий банк «Жилкредит»,http://www.zhilcredit.ru/,info@zhilcredit.ru,,
"Жилстройбанк, Коммерческий банк жилищного строительства",http://www.stroybank.ru/,stroybank@stroybank.ru ,,
Западно-Сибирская лизинговая компания,http://www.wsleasing.ru/,wsleasing@sibtel.ru,,
"Заречье, Акционерный коммерческий банк ",,,,
Заубер Банк,http://www.sauberbank.com/msk,daria.medvinskaia@sauberbank.com,"Ответственный за полноту, достоверность и актуальность сведений, публикуемых на Web-сайте Банка",Медвинская Дарья Серафимовна
Зенит Банк,http://www.zenit.ru/,info@zenit.ru,,
Зираат Банк (Москва),http://www.ziraatbank.ru/,finance@ziraatbank.ru,,
Златкомбанк,http://www.zkb.ru/,,,
"И.Д.Е.А. Банк, Инвестиционный Доверительный Европейский Акционерный Банк",http://www.ideabank.ru/,info@ideabank.ru,,
Иваново Коммерческий банк ,,,,
Идеалбанк,http://www.idealbank.ru/,info@idealbank.ru ,,
Инбанк,http://www.in-bank.ru/,,,
Инвестиционный Республиканский Банк,http://www.inresbank.ru/,info@inresbank.ru,,
Инвестиционный Союз Коммерческий Банк,http://www.invest-union.ru/,info@Invest-Union.ru,,
"Инвестсоцбанк, Коммерческий Банк Инвестиций и Социального Развития",http://www.isbmsk.ru/,bank@isbmsk.ru,,
"Инвестторгбанк, Инвестиционный торговый банк",http://www.itb.ru/,info@itb.ru,Общий,
"Инвестторгбанк, Инвестиционный торговый банк",http://www.itb.ru/,reklama@itb.ru,Реклама,
ИНГ Банк,,,,
Индустриальный Сберегательный Банк,http://www.isbank.ru/,isbank@isbank.ru,,
Инкаробанк,http://www.inkaro.ru/,ib@inkaro.ru,,
Интерактивный Банк,https://www.ibank.ru/,info@ibank.ru,Общий,
Интерактивный Банк,https://www.ibank.ru/,krylkova@ibank.ru,Отдел обслуживания счетов физических лиц﻿﻿,Крылкова Марина 
Интерактивный Банк,https://www.ibank.ru/,kovalenkova@ibank.ru,Отдел открытия счетов юридических лиц﻿,Коваленкова Татьяна
Интерактивный Банк,https://www.ibank.ru/,pr@ibank.ru,Пресс-центр,
Интеркапитал-Банк,,,,
Интеркоммерц Банк,http://intercommerz.ru/,info@intercommerz.ru,,
Интеркоопбанк,http://www.ikb.ru/,bank@ikb.ru,,
Интеркредит Коммерческий банк,http://www.intercredit.ru/,bank@intercredit.ru,,
Интерпрогрессбанк,http://www.ipb.ru/,info@ipb.ru,,
Интерпромбанк,http://www.interprombank.ru/,info@interprombank.ru,Общий,
Интерпромбанк,http://www.interprombank.ru/,pr@interprombank.ru,Пресс-центр,
ИнтехБанк,http://www.intechbank.ru/,info@intechbank.ru,,
Информпрогресс Коммерческий банк содействия развитию торговли и снабжения,http://www.informpb.ru/,info@informpb.ru,,
ИпоТек Банк,http://www.ipotek-bank.ru/,support@ipotekbank.ru,,
ИпоТек Банк,http://www.ipotek-bank.ru/,info@ipotek-bank.ru,,
Иронбанк Акционерный коммерческий банк,http://ironbank.ru/, info@ironbank.ru,,
ИРС Акционерный коммерческий банк,http://www.bankirs.ru/,info@irsbank.ru,,
Ишбанк,http://www.isbank.com.ru/index.php/ru/,,,
Капитал банк,http://www.capital-bank.ru/,info@mfcb.ru,,
"Капиталбанк, Ростовский-на-Дону акционерный коммерческий банк «Капиталбанк»",,,,
Кедр Коммерческий банк,https://www.kedrbank.com/,,,
Киви Банк,https://qiwi.com/,,,
Клиентский банк,http://www.klbank.ru/,bank@klbank.ru,,
Коммерцбанк (Евразия),https://www.commerzbank.ru/ru/,,,
Коммерческий банк развития,http://www.kbrbank.ru/,info@kbrbank.ru,,
Коммерческий банк развития,http://www.kbrbank.ru/,doverie@kbrbank.info,,
Коммерческий Индо Банк,http://www.kbindii.ru/,,,
Конгресс-Банк,http://www.kongressbank.ru/,info@kongressbank.ru,,
Консервативный Коммерческий Банк,,,,
Конфидэнс Банк,,,,
Королевский Банк Шотландии,http://www.rbsbank.ru/,contactcentre.ru@rbs.com,,
Космос Коммерческий банк,http://www.bcosm.ru/,bankbox@bcosm.ru,,
Космос Коммерческий банк,http://www.bcosm.ru/,bank@bcosm.ru,,
Кранбанк Акционерный коммерческий банк,,,,
Креди Агриколь Корпоративный и Инвестиционный Банк,,,,
Кредит Европа Банк,http://www.crediteurope.ru/,sme.contact@crediteurope.ru,Департамент Малого и Среднего Бизнеса ,
Кредит Европа Банк,http://www.crediteurope.ru/,fi@crediteurope.ru,Департамент финансовых институтов ,
Кредит Европа Банк,http://www.crediteurope.ru/,pressoffice@crediteurope.ru,Пресс-служба,
Кредит Европа Банк,http://www.crediteurope.ru/,retail.marketing@crediteurope.ru,Отдел рекламы,
Кредит Экспресс Коммерческий банк ,,,,
Кредит-Москва Акционерный Коммерческий Банк,http://www.cmbank.ru/,ledyaeva_tv@cmbank.ru,Начальник отдела маркетинговых коммуникаций,Татьяна Ледяева
Кредит-Москва Акционерный Коммерческий Банк,http://www.cmbank.ru/, msk@cmbank.ru,Общий,
Кредпромбанк,,,,
Кремлевский Коммерческий Банк,http://www.kremlinbank.net/,info@kremlinbank.ru,,
Крокус-Банк Коммерческий Банк,http://www.crocusbank.ru/,info@crocusbank.ru,,
Кросна-Банк,http://www.crosnabank.ru/,mail@crosna.ru,,
Кроссинвестбанк,http://www.krossinv.ru/,,,
Крыловский Акционерный Коммерческий Банк,,,,
Банк «Кузнецкий мост»,http://www.kmbank.ru/,info@kmbank.ru,,
Лада-Кредит Коммерческий Банк,http://www.ladacredit.ru/,,,
Лайт Коммерческий банк,https://lightbank.ru/,support@lightbank.ru,,
КБ Ланта-Банк,http://www.lanta.ru/,,,
Легион Акционерный Коммерческий Банк ,http://www.lgn.ru/,info@lgn.ru,,
Леноблбанк,http://www.lenoblbank.ru/,info@lenoblbank.ru,,
"Лесбанк, Акционерный коммерческий банк развития лесной промышленности",http://www.lesbank.ru/,hrpautova@lesbank.ru,,
Лето Банк,http://www.letobank.ru/,pr@letobank.ru,Пресс-служба,
Лето Банк,http://www.letobank.ru/,welcome@letobank.ru,Общий,
Липецккомбанк Банк социального развития и строительства,,,,
Логос Инновационно-коммерческий банк,http://www.logosbank.ru/,info@logosbank.ru,,
Локо-Банк Коммерческий Банк,http://www.lockobank.ru/,info@lockobank.ru,,
Лэнд-Банк Акционерный коммерческий банк,,,,
М2М Прайвет Банк,http://www.m2mbank.ru/,info@m2mbank.ru ,,
Майма Коммерческий банк ,,,,
МАК-Банк Мирнинский коммерческий банк,http://www.makbank.ru/,info@makbank.ru,,
Максима Коммерческий Банк,http://www.bankmaxima.ru/,maxima@bankmaxima.ru,,
Максимум Коммерческий Банк,,,,
МАСТ-Банк Коммерческий банк,http://www.mastbank.ru/,info@mastbank.ru,,
Мастер-Капитал Акционерный Коммерческий Банк,http://www.master-capital.ru/ru/index.php,info@master-capital.ru,,
МДМ Банк,http://www.mdm.ru/,info@mdmbank.com,Общий,
МДМ Банк,http://www.mdm.ru/,pr@mdmbank.com,Предоставление информации для СМИ,
МДМ Банк,http://www.mdm.ru/,pressa@mdmbank.com,Предоставление информации для СМИ,
Мегаполис Коммерческий банк ,,,,
Международный Акционерный Банк,http://www.mab.ru/ru/,info@mab.ru,,
Международный Банк Развития,http://www.mbr.ru/,mbr@mbr.ru,,
Международный Банк Санкт-Петербурга (МБСП),http://www.ibsp.ru/,pr@ibsp.ru,,
Международный коммерческий банк,http://www.mcombank.ru/news/,info@mcombank.ru,,
Международный коммерческий банк,http://www.mcombank.ru/news/,Gramotenko@mcombank.ru,Отдел обслуживания физ.лиц Департамента предоставления услуг,Грамотенко Виктория Вячеславовна
Международный расчетный банк,http://www.mrbank.ru/,info@mrbank.ru,,
Международный строительный банк,www.kbmsb.ru,,,
Международный Финансовый Клуб Акционерный Коммерческий Банк,http://www.mfk-bank.ru/, tp@mfk-bank.ru,,
Международный Финансовый Клуб Акционерный Коммерческий Банк,http://www.mfk-bank.ru/,iskomorokhina@mfk-bank.ru,Директор по связям с общественностью,Ирина Скоморохина
Межотраслевая банковская корпорация Коммерческий банк,http://www.kbmbk.ru/,,,
Межрегиональный Банк Реконструкции Коммерческий Банк,http://www.mbr-bank.ru/,bank@mbr-bank.ru,,
Межрегиональный Клиринговый Банк Коммерческий банк,http://www.kbmkb.ru/,mkb@kbmkb.ru,,
Межрегиональный почтовый банк Коммерческий банк,http://www.mpbank.ru/,info@mpbank.ru,,
Межрегионбанк КБ,http://www.bankmrb.ru/site/default.aspx?itemr=1&itemc=1,natasha@bankmrb.ru,Начальник Управления по работе с клиентами,Старченко Наталья Сергеевна 
Межтопэнергобанк Акционерный коммерческий межрегиональный топливно-энергетический банк ,http://www.mteb.ru/,,,
Межтрастбанк Коммерческий Межрегиональный Трастовый Банк,http://www.bankmtb.ru/,mtb@bankmtb.ru,По вопросам рекламы,
Мерседес-Бенц Банк Рус,http://www.mercedes-benz.ru/content/russia/mpc/mpc_russia_website/ru/home_mpc/passengercars/home/financialservices/home.flash.html,mbr@daimler.com,,
Металлургический инвестиционный банк Акционерный коммерческий банк,http://metallinvestbank.ru/,metib@metib.ru,,
Металлург КБ,http://www.metallurgbank.ru/,mail@metallurgbank.ru,,
Метробанк,http://www.metrobank.ru/, info@metrobank.ru,,
Метрополь КБ,http://www.metropolbank.ru/index.php,info@metropolbank.ru,,
Метрополь КБ,http://www.metropolbank.ru/index.php,danilova@metropolbank.ru,Отправка заявлений на открытие вклада,Данилова Ирина Борисовна
Мидзухо Банк (Москва),http://www.mizuhobank.com/link/0003.html,,,
Мико-Банк КБ,http://www.miko-bank.ru/,miko@miko-bank.ru,,
Милбанк КБ,http://milbank.ru/,milbank@milbank.ru,,
Миллениум Банк КБ,http://www.kbmil.ru/,info@kbmil.ru ,Общий,
Миллениум Банк КБ,http://www.kbmil.ru/,press@kbmil.ru ,Пресс-служба,
Мир Бизнес Банк,http://www.mbbru.com/,info@mbbru.com,,
МИРЪ Акционерный Коммерческий Банк,http://mirbank.com/,info@mirbank.com,,
Морган Стэнли Банк,http://www.morganstanley.ru/,mwitinfo@morganstanley.com,,
Морской Акционерный Банк,http://www.maritimebank.com/,info@maritimebank.com,,
Мосводоканалбанк КБ,http://www.mvkb.ru/,,,
Москва Региональный Акционерный Коммерческий Банк,http://www.moscow-bank.ru/,office@moscow-bank.ru  ,,
МОСКВА-СИТИ Акционерный Инвестиционный Банк Московского Международного Делового Центра,http://www.mcbank.ru/,info@mcbank.ru,,
Московский Вексельный Банк,http://www.mvbank.ru/,info@mvbank.ru,,
Московский Индустриальный банк АКБ,http://www.minbank.ru/,info@minbank.ru ,,
Московский Клиринговый Центр,http://mcc.elecsnet.ru/,,,
Московский коммерческий банк,http://www.moscombank.ru/,bank@moscombank.ru,,
Московский кредитный банк,http://mkb.ru/,info@mkb.ru,Общий,
Московский кредитный банк,http://mkb.ru/,pr@mkb.ru,Пресс-центр,
Московский кредитный банк,http://mkb.ru/,Naranpaeva@mkb.ru,"Директор департамента маркетинга, рекламы и PR",Надежда Левашова
Московский кредитный банк,http://mkb.ru/,Tarayan@mkb.ru,Начальник отдела внешних коммуникаций,Карен Тараян
Московский кредитный банк,http://mkb.ru/,LikovNS@mkb.ru,Начальник управления внешних и внутренних коммуникаций,Никита Ликов
Московский кредитный банк,http://mkb.ru/,Zhmaeva@mkb.ru,"Начальник отдела внутренних коммуникаций
телефон",Елена Габисония
Московский Национальный Инвестиционный Банк,http://www.mnib.su/,mnibank@gmail.com,,
Московский Нефтехимический банк,http://www.mnhb.ru/,main@mnhb.ru,,
Московский Областной Банк АКБ,http://www.mosoblbank.ru/,info@mosoblbank.ru,,
Московско-Парижский банк,http://www.mpcb.ru/,info@mpcb.ru,,
Московское ипотечное агентство КБ,http://www.mia.ru/,shlychkov@mia.ru ,Начальник Отдела рекламы и связей с общественностью,Шлычков Денис
Москоммерцбанк,http://www.moskb.ru/,org@moskb.ru,Общий,
Москоммерцбанк,http://www.moskb.ru/,pr@moskb.ru,Пресс-центр,
Мосстройэкономбанк,http://www.mseb.ru/,info@mseb.ru,,
Мострансбанк АКБ развития предприятий пассажирского транспорта г. Москвы ,http://www.mostransbank.ru/,,,
Мосуралбанк Московско-Уральский АКБ,http://www.mosuralbank.ru/,info@mosuralbank.ru,,
МС Банк Рус,http://www.mcbankrus.ru/,referent@mcbankrus.ru,,
МСП Банк Российский Банк поддержки малого и среднего предпринимательства,http://www.mspbank.ru/ru/,info@mspbank.ru,Общий,
МСП Банк Российский Банк поддержки малого и среднего предпринимательства,http://www.mspbank.ru/ru/,press@mspbank.ru,Служба внешних связей МСП Банка,
МТИ-Банк Межрегиональный торгово-инвестиционный банк,http://www.mti-bank.ru/,mti-bank@mti-bank.ru,,
МТС-Банк,http://www.mtsbank.ru/,info@mtsbank.ru,Общий,
МТС-Банк,http://www.mtsbank.ru/,press@mtsbank.ru,Пресс-центр,
Международный Фондовый Банк КБ,http://www.mfbank.ru/,,,
Н-Банк КБ,http://www.hbru.ru/,hbru@hbru.ru,,
Н-Банк КБ,http://www.hbru.ru/, i.demchenko@hbru.ru,Начальник отдела развития бизнеса,Демченко Иван
Народный доверительный банк,http://www.ndb24.ru/,,,
Натиксис Банк,http://www.natixis.com/natixis/jcms/j_6/fr/accueil,relationspresse@natixis.fr,Пресс-центр,
Национальный инвестиционно-промышленный банк КБ,http://www.nipbank.ru/,info@nipbank.ru,,
Национальная Факторинговая Компания Банк,http://www.factoring.ru/,gor_ms@factoring.ru,Пресс-служба,Гордиенко Мария
Национальная Факторинговая Компания Банк,http://www.factoring.ru/,factoring@factoring.ru,Общий,
Траст Национальный банк ,http://www.trust.ru/,bank@trust.ru,Общий,
Траст Национальный банк ,http://www.trust.ru/,press.service@trust.ru,Пресс-центр,
Национальный Банк Взаимного Кредита АКБ,http://www.nbmc.ru/,infobank@nbmc.ru,,
Национальный Залоговый Банк АКБ,http://www.nz.ru/,info@nz.ru ,Секритариат,
Национальный Залоговый Банк АКБ,http://www.nz.ru/,client@nz.ru,Управление по работе с клиентами,
Национальный Залоговый Банк АКБ,http://www.nz.ru/,corrdep@nz.ru,Отдел корреспондентских отношений,
Национальный Клиринговый Центр АКБ,http://www.nkcbank.ru/viewCatalog.do?menuKey=5,info-nkcbank@moex.com,,
Национальный Корпоративный Банк,http://ncorpbank.ru/,bank@akbnkb.ru,,
Национальный расчетный депозитарий Небанковская кредитная организация,https://www.nsd.ru/ru/,sales@nsd.ru,Менеджеры по развитию отношений с клиентами,
Национальный расчетный депозитарий Небанковская кредитная организация,https://www.nsd.ru/ru/,pr@nsd.ru,Пресс-служба,Константин Берёза
Национальный Резервный Банк АКБ,http://www.nrb.ru/,info@nrb.ru,,
Национальный стандарт КБ,http://www.ns-bank.ru/,info@ns-bank.ru,,
Наш Дом АКБ,http://www.nd-bank.ru/,,,
НБК-Банк,http://www.nbkbank.ru/,info@nbkbank.ru ,,
Нефтепромбанк,http://nefteprom.com/,info@nefteprom.com,Общий,
Нефтепромбанк,http://nefteprom.com/,reception@nefteprom.com,Общий,
Нефтепромбанк,http://nefteprom.com/,lipkina.kk@nefteprom.com,Ведущий специалист Отдела связей с общественностью и рекламы,Липкина Ксения Константиновна
Нефтяной Альянс АКБ,http://www.neal.ru/,neal@neal.ru,Секретариат,
Нефтяной Альянс АКБ,http://www.neal.ru/,cb@neal.ru,Финансовое управление,
НК Банк,http://www.nkbank.ru/, office@nkbank.ru,,
НКО «МОБИ.Деньги»,,,,
НоваховКапиталБанк,http://www.novahovcb.ru/,,,
Новикомбанк АКБ,http://www.novikom.ru/,office@novikom.ru,,
Новикомбанк АКБ,http://www.novikom.ru/,info@novikom.ru,,
НОВОЕ ВРЕМЯ КБ,http://www.newtimebank.ru/,info@newtimebank.ru,,
Новый век КБ,http://www.newbank.ru/,info@newbank.ru,,
Новый Кредитный Союз АКБ,http://www.ncubank.ru/,reception@ncubank.ru,,
Новый Московский Банк КБ,http://www.nmbank.ru/,info@nmbank.ru,,
Новый Промышленный Банк,http://www.npbank.ru/,info@npbank.ru,,
Новый Символ Универсальный КБ гуманитарных инвестиций,http://www.newsymbol.ru/,bank@newsymbol.ru ,Общий,
Новый Символ Универсальный КБ гуманитарных инвестиций,http://www.newsymbol.ru/,ask@newsymbol.ru,Отправить вопросы и получить ответы специалистов Банка ,
Нордеа Банк,http://www.nordea.ru/private/,Contact_Center_Support@nordea.ru,Контакт-центр для частных лиц,
Нордеа Банк,http://www.nordea.ru/private/,ICMS@nordea.ru,Вопросы по услугам Cash management,
Нордеа Банк,http://www.nordea.ru/private/,pr@nordea.ru,Пресс-центр,
Нота-Банк,http://www.nota-bank.ru/,pmail@nota-bank.ru,Общий,
Нота-Банк,http://www.nota-bank.ru/,gromakova@nota-bank.ru,Начальник Службы рекламы,Громакова Елизавета Валентиновна
Независимый Строительный Банк КБ,http://www.nsbank.ru/,post@nsbank.ru,Секретариат,
Независимый Строительный Банк КБ,http://www.nsbank.ru/,oper@nsbank.ru,Обслуживание корпоративных клиентов,
Независимый Строительный Банк КБ,http://www.nsbank.ru/,post@nsbank.ru,Обслуживание частных клиентов,